dept_id,discount_weeks,avg_discount_pct,extra_units_pct,revenue_change,margin_pct,profit_change,category
FOODS_1,773,12.7,10.3,-1097,25,-2764,FOODS
FOODS_2,3795,9.7,6.3,-5652,25,-11477,FOODS
FOODS_3,4806,12.0,10.1,-20121,25,-44122,FOODS
HOBBIES_1,1420,8.5,0.0,-6392,25,-6392,HOBBIES
HOBBIES_2,392,20.6,0.0,-341,25,-341,HOBBIES
HOUSEHOLD_1,1689,9.3,0.0,-6360,25,-6360,HOUSEHOLD
HOUSEHOLD_2,1141,11.5,0.0,-2328,25,-2328,HOUSEHOLD
FOODS_1,773,12.7,10.3,-1097,35,-2542,FOODS
FOODS_2,3795,9.7,6.3,-5652,35,-10700,FOODS
FOODS_3,4806,12.0,10.1,-20121,35,-40922,FOODS
HOBBIES_1,1420,8.5,0.0,-6392,35,-6392,HOBBIES
HOBBIES_2,392,20.6,0.0,-341,35,-341,HOBBIES
HOUSEHOLD_1,1689,9.3,0.0,-6360,35,-6360,HOUSEHOLD
HOUSEHOLD_2,1141,11.5,0.0,-2328,35,-2328,HOUSEHOLD
FOODS_1,773,12.7,10.3,-1097,45,-2320,FOODS
FOODS_2,3795,9.7,6.3,-5652,45,-9924,FOODS
FOODS_3,4806,12.0,10.1,-20121,45,-37722,FOODS
HOBBIES_1,1420,8.5,0.0,-6392,45,-6392,HOBBIES
HOBBIES_2,392,20.6,0.0,-341,45,-341,HOBBIES
HOUSEHOLD_1,1689,9.3,0.0,-6360,45,-6360,HOUSEHOLD
HOUSEHOLD_2,1141,11.5,0.0,-2328,45,-2328,HOUSEHOLD
