month,revenue_current,revenue_modelled,profit_current,profit_modelled,profit_uplift
1,1312794924.75,1271690228.5378942,480180555.96,502993543.74987525,22812987.78987527
2,1197299508.97,1159809765.155033,434751173.98,456628957.91976446,21877783.93976444
3,1394292437.53,1352182460.899051,508094361.62,532622824.6300463,24528463.010046303
4,1337148913.37,1295330623.2242484,481274027.49,505030310.7523603,23756283.262360275
5,1340709319.37,1301557183.4584422,490248942.38,514073995.2429912,23825052.862991214
6,1240438004.36,1200614756.0299768,450513828.25,472891737.1438379,22377908.89383793
7,1207244690.43,1170517130.1644769,438002491.07,458906536.39019585,20904045.320195854
8,1172753702.09,1135678243.5306096,423854636.37,444660868.85754496,20806232.487544954
9,1060027751.43,1026942250.4212531,384200771.51,402865072.85790545,18664301.347905457
10,1086505123.38,1053647636.9171467,396192471.08,414950447.5847326,18757976.50473261
11,1097705287.25,1063725984.911938,401453872.23,420845726.1824033,19391853.952403307
12,1200567441.71,1162906490.8049614,433830380.9,454864785.6158033,21034404.715803325
