product_id,category,current_price,competitor_price,price_elasticity,recommended_price,price_change_pct,volume_change_pct,profit_uplift
P0251,Home & Kitchen,21105.565885416665,22678.6259375,-0.9871177269035654,22794.01,7.999994521587306,-7.315562520184537,3842805.317534901
P0186,Fashion,18356.6173568282,19480.16872246696,-0.931366595259504,19825.15,8.000017729985242,-6.917030262831824,3620705.787627913
P0047,Home & Kitchen,18004.635119617225,19227.924976076552,-0.9929496230051,19445.01,8.00002260980779,-7.357152630527642,3139649.5892052166
P0167,Home & Kitchen,16990.452341463413,18140.067853658536,-1.080006504337797,18349.69,8.000008659095602,-7.9757838918035,2936539.8164156973
P0027,Electronics,17176.040533980584,18575.182330097086,-1.1895288966945363,18550.12,7.999978011818132,-8.748192212431682,2902087.1339796297
P0226,Electronics,22618.44025773196,23953.89907216495,-1.299267892722597,24427.92,8.00001999098714,-9.51562568919242,2724168.103425905
P0240,Electronics,17251.023666666664,18375.33272222222,-1.0844271916810455,18631.11,8.0000257376031,-8.007087109765077,2531662.2731914856
P0146,Electronics,17602.37387755102,18829.558367346937,-1.3333905910242232,19010.56,7.999978481566594,-9.752936628671192,2516311.899200816
P0413,Sports,12347.304949494948,13151.968282828284,-0.2433768650328905,13335.09,8.000005301120039,-1.855621052047518,2462302.6579080764
P0398,Home & Kitchen,21709.502093023257,23348.838186046512,-1.4410751888116025,23446.26,7.999989587669454,-10.49777018525312,2338441.147004001
