week_start,cat_id,units,revenue,snap_days,discount_share_pct
2011-01-29,FOODS,17774,38932.41,4,0.0
2011-01-29,HOBBIES,2942,6579.14,4,0.0
2011-01-29,HOUSEHOLD,2999,12876.4,4,0.0
2011-02-05,FOODS,18319,42104.84,6,1.81
2011-02-05,HOBBIES,3387,7480.64,6,0.0
2011-02-05,HOUSEHOLD,2939,13221.23,6,0.47
2011-02-12,FOODS,15515,36915.26,0,3.7
2011-02-12,HOBBIES,2724,7192.56,0,1.27
2011-02-12,HOUSEHOLD,2914,13612.33,0,0.67
2011-02-19,FOODS,14860,34550.51,0,4.82
2011-02-19,HOBBIES,3622,7463.34,0,4.92
2011-02-19,HOUSEHOLD,3234,14752.94,0,0.64
2011-02-26,FOODS,15253,35077.77,4,5.6
2011-02-26,HOBBIES,1794,6405.83,4,4.92
2011-02-26,HOUSEHOLD,3120,13766.24,4,0.85
2011-03-05,FOODS,17697,40054.23,6,4.76
2011-03-05,HOBBIES,3017,7012.88,6,5.2
2011-03-05,HOUSEHOLD,3020,14006.75,6,0.83
2011-03-12,FOODS,15178,35009.5,0,5.14
2011-03-12,HOBBIES,2834,7774.3,0,5.08
2011-03-12,HOUSEHOLD,3161,14203.93,0,1.21
2011-03-19,FOODS,13924,32445.05,0,6.99
2011-03-19,HOBBIES,3299,7826.7,0,5.06
2011-03-19,HOUSEHOLD,3016,14703.82,0,1.19
2011-03-26,FOODS,14812,33835.34,1,9.54
2011-03-26,HOBBIES,3206,8246.8,1,4.96
2011-03-26,HOUSEHOLD,3150,14818.49,1,1.17
2011-04-02,FOODS,17200,39795.11,7,10.29
2011-04-02,HOBBIES,3349,9208.95,7,4.92
2011-04-02,HOUSEHOLD,3470,15765.59,7,0.96
2011-04-09,FOODS,14785,35772.67,2,8.79
2011-04-09,HOBBIES,3266,8311.17,2,4.15
2011-04-09,HOUSEHOLD,3357,15420.46,2,0.76
2011-04-16,FOODS,14459,34899.91,0,9.64
2011-04-16,HOBBIES,2616,8715.18,0,0.75
2011-04-16,HOUSEHOLD,3477,15898.54,0,0.94
2011-04-23,FOODS,12365,31054.24,0,9.51
2011-04-23,HOBBIES,2986,8365.47,0,1.49
2011-04-23,HOUSEHOLD,3163,15169.56,0,1.69
2011-04-30,FOODS,14728,36354.59,6,9.55
2011-04-30,HOBBIES,3050,8595.17,6,4.8
2011-04-30,HOUSEHOLD,3319,14888.79,6,2.06
2011-05-07,FOODS,14449,35882.38,4,10.16
2011-05-07,HOBBIES,3182,8319.95,4,4.74
2011-05-07,HOUSEHOLD,3186,14568.85,4,1.67
2011-05-14,FOODS,13411,33631.08,0,11.17
2011-05-14,HOBBIES,2751,8309.0,0,6.2
2011-05-14,HOUSEHOLD,3146,14546.31,0,2.4
2011-05-21,FOODS,12846,31723.26,0,9.59
2011-05-21,HOBBIES,3030,8317.73,0,9.09
2011-05-21,HOUSEHOLD,2994,13273.65,0,3.32
2011-05-28,FOODS,13642,34464.47,3,7.96
2011-05-28,HOBBIES,2781,8572.3,3,9.75
2011-05-28,HOUSEHOLD,3414,15409.14,3,3.31
2011-06-04,FOODS,16119,39947.76,7,8.07
2011-06-04,HOBBIES,3052,8854.04,7,9.39
2011-06-04,HOUSEHOLD,3552,16650.15,7,3.29
2011-06-11,FOODS,14983,37367.45,0,6.27
2011-06-11,HOBBIES,3093,8770.56,0,9.35
2011-06-11,HOUSEHOLD,3309,15225.68,0,3.65
2011-06-18,FOODS,14578,34768.74,0,6.39
2011-06-18,HOBBIES,3041,8478.61,0,8.57
2011-06-18,HOUSEHOLD,3422,15817.29,0,2.73
2011-06-25,FOODS,14102,34539.18,1,6.26
2011-06-25,HOBBIES,2913,8500.41,1,4.98
2011-06-25,HOUSEHOLD,3512,15982.64,1,2.35
2011-07-02,FOODS,17681,43237.89,7,5.47
2011-07-02,HOBBIES,2980,8047.33,7,5.32
2011-07-02,HOUSEHOLD,3505,15878.63,7,2.33
2011-07-09,FOODS,14836,37868.3,2,3.18
2011-07-09,HOBBIES,2764,8234.96,2,4.23
2011-07-09,HOUSEHOLD,3664,17188.95,2,1.97
2011-07-16,FOODS,14410,36564.12,0,2.29
2011-07-16,HOBBIES,2752,8108.2,0,1.75
2011-07-16,HOUSEHOLD,3587,16023.25,0,1.25
2011-07-23,FOODS,13924,34833.7,0,2.41
2011-07-23,HOBBIES,3135,8671.61,0,1.75
2011-07-23,HOUSEHOLD,3419,15509.14,0,1.06
2011-07-30,FOODS,14911,38237.11,5,3.0
2011-07-30,HOBBIES,3076,8567.51,5,2.1
2011-07-30,HOUSEHOLD,3686,16176.76,5,1.23
2011-08-06,FOODS,15923,41027.6,5,5.8
2011-08-06,HOBBIES,2979,7865.27,5,2.1
2011-08-06,HOUSEHOLD,3673,16206.86,5,0.88
2011-08-13,FOODS,15284,38863.2,0,6.12
2011-08-13,HOBBIES,2893,6971.97,0,2.1
2011-08-13,HOUSEHOLD,3930,16673.26,0,0.7
2011-08-20,FOODS,14304,36879.06,0,5.85
2011-08-20,HOBBIES,2934,7437.82,0,2.09
2011-08-20,HOUSEHOLD,3661,16241.53,0,0.87
2011-08-27,FOODS,14013,35240.05,2,5.48
2011-08-27,HOBBIES,2805,6883.81,2,2.72
2011-08-27,HOUSEHOLD,3544,15202.47,2,0.87
2011-09-03,FOODS,16045,41937.17,7,5.35
2011-09-03,HOBBIES,3276,7362.38,7,2.36
2011-09-03,HOUSEHOLD,3701,15808.26,7,0.69
2011-09-10,FOODS,14187,38122.71,1,5.44
2011-09-10,HOBBIES,2724,6607.18,1,2.02
2011-09-10,HOUSEHOLD,3613,16007.07,1,0.52
2011-09-17,FOODS,14356,37146.0,0,5.78
2011-09-17,HOBBIES,2753,6270.82,0,2.36
2011-09-17,HOUSEHOLD,3534,15546.69,0,1.18
2011-09-24,FOODS,15289,36715.15,0,5.28
2011-09-24,HOBBIES,3100,7102.67,0,2.01
2011-09-24,HOUSEHOLD,3681,16072.01,0,1.68
2011-10-01,FOODS,18114,44695.63,7,3.11
2011-10-01,HOBBIES,3266,7377.66,7,2.01
2011-10-01,HOUSEHOLD,3869,16388.2,7,1.84
2011-10-08,FOODS,17611,42820.72,3,2.75
2011-10-08,HOBBIES,3358,6991.07,3,2.0
2011-10-08,HOUSEHOLD,3539,14891.99,3,2.0
2011-10-15,FOODS,15576,36888.02,0,2.87
2011-10-15,HOBBIES,3109,7193.14,0,1.32
2011-10-15,HOUSEHOLD,3705,15749.42,0,1.83
2011-10-22,FOODS,15890,37760.58,0,2.74
2011-10-22,HOBBIES,2795,6544.57,0,0.99
2011-10-22,HOUSEHOLD,3497,15120.52,0,2.16
2011-10-29,FOODS,16614,38613.53,4,3.81
2011-10-29,HOBBIES,3021,7421.06,4,0.99
2011-10-29,HOUSEHOLD,3701,15934.24,4,3.14
2011-11-05,FOODS,19302,45050.78,6,3.69
2011-11-05,HOBBIES,2710,6708.97,6,0.66
2011-11-05,HOUSEHOLD,3872,16345.55,6,3.64
2011-11-12,FOODS,16198,37716.91,0,2.97
2011-11-12,HOBBIES,2610,6044.16,0,0.66
2011-11-12,HOUSEHOLD,3271,14006.99,0,2.81
2011-11-19,FOODS,18461,42344.12,0,3.33
2011-11-19,HOBBIES,2637,5917.44,0,0.66
2011-11-19,HOUSEHOLD,3610,15631.76,0,2.15
2011-11-26,FOODS,14529,33106.79,2,3.2
2011-11-26,HOBBIES,2624,6286.35,2,0.65
2011-11-26,HOUSEHOLD,3022,13042.46,2,1.82
2011-12-03,FOODS,18595,44881.62,7,3.77
2011-12-03,HOBBIES,3432,7989.85,7,0.65
2011-12-03,HOUSEHOLD,3419,15308.47,7,1.65
2011-12-10,FOODS,18521,44146.69,1,4.24
2011-12-10,HOBBIES,2720,7341.82,1,0.65
2011-12-10,HOUSEHOLD,3238,14502.63,1,1.65
2011-12-17,FOODS,20477,47964.15,0,4.35
2011-12-17,HOBBIES,2887,7378.09,0,0.65
2011-12-17,HOUSEHOLD,3549,16033.3,0,1.32
2011-12-24,FOODS,15239,35568.02,0,5.28
2011-12-24,HOBBIES,2729,6295.45,0,0.65
2011-12-24,HOUSEHOLD,2900,12727.45,0,1.31
2011-12-31,FOODS,18445,44592.28,6,5.11
2011-12-31,HOBBIES,2891,6787.76,6,0.65
2011-12-31,HOUSEHOLD,3557,14431.23,6,1.15
2012-01-07,FOODS,18984,46315.45,4,5.06
2012-01-07,HOBBIES,2963,6527.41,4,0.32
2012-01-07,HOUSEHOLD,3361,14346.26,4,1.3
2012-01-14,FOODS,17588,42953.08,0,4.13
2012-01-14,HOBBIES,2635,6452.02,0,0.0
2012-01-14,HOUSEHOLD,3317,14272.09,0,0.97
2012-01-21,FOODS,16835,40363.29,0,4.0
2012-01-21,HOBBIES,2799,6545.05,0,0.0
2012-01-21,HOUSEHOLD,3271,14859.22,0,1.13
2012-01-28,FOODS,18577,45137.06,3,1.35
2012-01-28,HOBBIES,2873,7365.83,3,0.32
2012-01-28,HOUSEHOLD,3602,15943.07,3,1.11
2012-02-04,FOODS,20608,51180.46,7,1.45
2012-02-04,HOBBIES,2789,7343.39,7,0.32
2012-02-04,HOUSEHOLD,3560,16738.02,7,1.1
2012-02-11,FOODS,19479,48200.02,0,3.57
2012-02-11,HOBBIES,2587,7648.46,0,0.63
2012-02-11,HOUSEHOLD,3716,17044.35,0,0.93
2012-02-18,FOODS,18049,43790.62,0,3.89
2012-02-18,HOBBIES,2666,8014.93,0,0.3
2012-02-18,HOUSEHOLD,3750,17489.62,0,0.92
2012-02-25,FOODS,18582,45138.34,2,4.32
2012-02-25,HOBBIES,3170,7580.03,2,0.9
2012-02-25,HOUSEHOLD,3732,16966.5,2,0.91
2012-03-03,FOODS,21586,53389.12,7,6.65
2012-03-03,HOBBIES,2700,7581.5,7,1.19
2012-03-03,HOUSEHOLD,4012,17948.55,7,0.9
2012-03-10,FOODS,20018,50061.41,1,6.67
2012-03-10,HOBBIES,3019,7778.29,1,1.18
2012-03-10,HOUSEHOLD,4017,17279.6,1,0.9
2012-03-17,FOODS,18906,44968.31,0,6.75
2012-03-17,HOBBIES,2705,8395.85,0,1.17
2012-03-17,HOUSEHOLD,3914,17293.92,0,0.74
2012-03-24,FOODS,19237,46585.67,0,7.48
2012-03-24,HOBBIES,3043,8027.79,0,0.88
2012-03-24,HOUSEHOLD,3875,17427.56,0,0.74
2012-03-31,FOODS,23371,56535.25,6,7.76
2012-03-31,HOBBIES,3069,8943.48,6,1.45
2012-03-31,HOUSEHOLD,4024,18049.34,6,0.74
2012-04-07,FOODS,21599,51526.18,4,6.95
2012-04-07,HOBBIES,3279,8063.97,4,1.41
2012-04-07,HOUSEHOLD,3701,16430.06,4,0.88
2012-04-14,FOODS,19660,47041.33,0,6.69
2012-04-14,HOBBIES,3014,8008.69,0,1.12
2012-04-14,HOUSEHOLD,3671,16231.22,0,1.18
2012-04-21,FOODS,19426,46914.73,0,6.36
2012-04-21,HOBBIES,2769,7811.47,0,0.83
2012-04-21,HOUSEHOLD,3685,16833.42,0,1.17
2012-04-28,FOODS,21138,50870.91,4,5.1
2012-04-28,HOBBIES,3269,8875.15,4,0.55
2012-04-28,HOUSEHOLD,3824,17243.64,4,1.46
2012-05-05,FOODS,23540,56182.89,6,5.38
2012-05-05,HOBBIES,2472,8123.21,6,0.54
2012-05-05,HOUSEHOLD,3572,16432.69,6,1.75
2012-05-12,FOODS,22093,52981.38,0,5.46
2012-05-12,HOBBIES,2058,7536.21,0,0.53
2012-05-12,HOUSEHOLD,3627,16040.81,0,2.18
2012-05-19,FOODS,21190,51290.3,0,5.13
2012-05-19,HOBBIES,1930,7837.11,0,0.27
2012-05-19,HOUSEHOLD,3801,16767.47,0,2.32
2012-05-26,FOODS,20459,49124.58,1,5.11
2012-05-26,HOBBIES,3249,9127.22,1,0.27
2012-05-26,HOUSEHOLD,4009,17588.43,1,2.02
2012-06-02,FOODS,22963,56498.36,7,3.98
2012-06-02,HOBBIES,3105,8679.53,7,0.26
2012-06-02,HOUSEHOLD,4415,19444.27,7,1.58
2012-06-09,FOODS,23000,54643.53,2,3.87
2012-06-09,HOBBIES,3063,8923.12,2,0.26
2012-06-09,HOUSEHOLD,4777,19709.6,2,1.29
2012-06-16,FOODS,21463,51593.2,0,3.65
2012-06-16,HOBBIES,3012,9200.64,0,0.26
2012-06-16,HOUSEHOLD,4723,18728.1,0,1.43
2012-06-23,FOODS,20324,47661.31,0,3.05
2012-06-23,HOBBIES,2799,8963.4,0,0.26
2012-06-23,HOUSEHOLD,4917,19461.32,0,1.28
2012-06-30,FOODS,22965,55214.22,6,2.64
2012-06-30,HOBBIES,2619,10039.49,6,0.25
2012-06-30,HOUSEHOLD,5462,21935.72,6,1.41
2012-07-07,FOODS,22329,54945.29,4,2.33
2012-07-07,HOBBIES,2914,9491.91,4,0.25
2012-07-07,HOUSEHOLD,5027,19902.41,4,1.26
2012-07-14,FOODS,20548,50316.31,0,3.12
2012-07-14,HOBBIES,2883,9518.71,0,0.25
2012-07-14,HOUSEHOLD,4775,19046.5,0,1.25
2012-07-21,FOODS,20231,48476.53,0,2.22
2012-07-21,HOBBIES,2513,9489.75,0,0.74
2012-07-21,HOUSEHOLD,4890,20480.99,0,1.52
2012-07-28,FOODS,20144,48316.93,3,3.01
2012-07-28,HOBBIES,2617,9578.23,3,1.23
2012-07-28,HOUSEHOLD,4774,19538.86,3,1.52
2012-08-04,FOODS,24086,57671.66,7,2.99
2012-08-04,HOBBIES,2070,9539.32,7,1.22
2012-08-04,HOUSEHOLD,5053,20582.89,7,1.51
2012-08-11,FOODS,23037,54220.6,0,5.77
2012-08-11,HOBBIES,2328,9265.13,0,1.22
2012-08-11,HOUSEHOLD,4813,20271.93,0,1.23
2012-08-18,FOODS,21963,53332.93,0,5.16
2012-08-18,HOBBIES,2311,9605.78,0,1.22
2012-08-18,HOUSEHOLD,5167,21190.47,0,1.09
2012-08-25,FOODS,20032,48818.56,0,5.16
2012-08-25,HOBBIES,2359,9360.75,0,1.22
2012-08-25,HOUSEHOLD,4757,19453.42,0,0.68
2012-09-01,FOODS,23656,57512.27,7,4.76
2012-09-01,HOBBIES,2224,9480.42,7,1.22
2012-09-01,HOUSEHOLD,5180,20308.74,7,0.54
2012-09-08,FOODS,20971,51631.58,3,4.06
2012-09-08,HOBBIES,2189,8478.43,3,1.46
2012-09-08,HOUSEHOLD,4855,19286.21,3,0.68
2012-09-15,FOODS,19742,47354.4,0,5.03
2012-09-15,HOBBIES,2231,8629.62,0,0.73
2012-09-15,HOUSEHOLD,4916,20215.22,0,0.27
2012-09-22,FOODS,18794,44453.12,0,5.03
2012-09-22,HOBBIES,2385,9375.84,0,0.24
2012-09-22,HOUSEHOLD,4687,18937.91,0,0.67
2012-09-29,FOODS,21115,50577.78,5,5.13
2012-09-29,HOBBIES,2313,9339.48,5,0.0
2012-09-29,HOUSEHOLD,4758,19155.51,5,0.67
2012-10-06,FOODS,21054,50032.41,5,2.36
2012-10-06,HOBBIES,2296,9225.34,5,0.48
2012-10-06,HOUSEHOLD,4636,19145.05,5,1.21
2012-10-13,FOODS,17305,41018.54,0,2.36
2012-10-13,HOBBIES,2348,8911.32,0,0.72
2012-10-13,HOUSEHOLD,4612,18493.67,0,1.35
2012-10-20,FOODS,16641,38871.91,0,2.64
2012-10-20,HOBBIES,2318,9188.97,0,0.72
2012-10-20,HOUSEHOLD,4392,17951.39,0,1.35
2012-10-27,FOODS,17762,40899.68,2,2.92
2012-10-27,HOBBIES,2350,9012.91,2,0.72
2012-10-27,HOUSEHOLD,4359,18089.67,2,1.35
2012-11-03,FOODS,20093,48191.91,7,3.59
2012-11-03,HOBBIES,2148,9485.39,7,0.48
2012-11-03,HOUSEHOLD,4611,19307.84,7,1.2
2012-11-10,FOODS,18648,44813.76,1,2.42
2012-11-10,HOBBIES,1994,9059.66,1,0.72
2012-11-10,HOUSEHOLD,4444,18548.31,1,2.01
2012-11-17,FOODS,18402,42531.96,0,1.65
2012-11-17,HOBBIES,2029,8604.26,0,0.72
2012-11-17,HOUSEHOLD,4063,17247.2,0,1.87
2012-11-24,FOODS,14539,34347.19,0,1.45
2012-11-24,HOBBIES,1780,8094.03,0,0.72
2012-11-24,HOUSEHOLD,3684,15752.73,0,1.87
2012-12-01,FOODS,19292,45862.9,7,1.73
2012-12-01,HOBBIES,2122,9773.98,7,0.24
2012-12-01,HOUSEHOLD,4292,18340.23,7,1.2
2012-12-08,FOODS,19327,45923.03,3,2.3
2012-12-08,HOBBIES,2025,9693.2,3,0.24
2012-12-08,HOUSEHOLD,4064,17044.65,3,1.06
2012-12-15,FOODS,18914,45063.67,0,2.11
2012-12-15,HOBBIES,2253,10195.5,0,0.72
2012-12-15,HOUSEHOLD,4297,18864.21,0,1.19
2012-12-22,FOODS,16103,37330.65,0,2.68
2012-12-22,HOBBIES,1613,8208.17,0,0.96
2012-12-22,HOUSEHOLD,3566,14784.99,0,1.32
2012-12-29,FOODS,19037,44885.85,4,3.53
2012-12-29,HOBBIES,1978,9546.13,4,0.96
2012-12-29,HOUSEHOLD,5291,18793.53,4,1.32
2013-01-05,FOODS,19671,47386.22,6,3.62
2013-01-05,HOBBIES,2058,9760.5,6,1.44
2013-01-05,HOUSEHOLD,4711,17506.75,6,0.66
2013-01-12,FOODS,18295,44005.2,0,3.5
2013-01-12,HOBBIES,1971,9357.66,0,1.44
2013-01-12,HOUSEHOLD,4239,17178.94,0,0.52
2013-01-19,FOODS,16886,40842.48,0,3.58
2013-01-19,HOBBIES,2523,9344.56,0,6.44
2013-01-19,HOUSEHOLD,4514,18366.88,0,0.52
2013-01-26,FOODS,17381,42547.55,1,1.79
2013-01-26,HOBBIES,3363,10899.91,1,6.67
2013-01-26,HOUSEHOLD,4264,17914.48,1,0.52
2013-02-02,FOODS,19558,48425.72,7,2.06
2013-02-02,HOBBIES,2562,10740.76,7,6.67
2013-02-02,HOUSEHOLD,4458,19003.88,7,0.52
2013-02-09,FOODS,20213,50163.97,2,2.98
2013-02-09,HOBBIES,3346,11873.64,2,6.37
2013-02-09,HOUSEHOLD,5037,19961.6,2,0.38
2013-02-16,FOODS,18597,45576.94,0,3.04
2013-02-16,HOBBIES,3370,12182.02,0,6.56
2013-02-16,HOUSEHOLD,5400,20958.12,0,0.63
2013-02-23,FOODS,17564,42676.67,1,3.31
2013-02-23,HOBBIES,3407,12164.38,1,6.26
2013-02-23,HOUSEHOLD,5009,20359.38,1,0.87
2013-03-02,FOODS,20428,49832.92,7,3.93
2013-03-02,HOBBIES,2540,11978.72,7,5.52
2013-03-02,HOUSEHOLD,5081,20497.67,7,0.99
2013-03-09,FOODS,18684,46606.1,2,3.63
2013-03-09,HOBBIES,3046,11366.65,2,5.52
2013-03-09,HOUSEHOLD,4974,19318.34,2,1.35
2013-03-16,FOODS,17838,44314.8,0,3.89
2013-03-16,HOBBIES,3206,11445.78,0,0.69
2013-03-16,HOUSEHOLD,5272,20582.71,0,1.11
2013-03-23,FOODS,19064,45491.56,0,3.97
2013-03-23,HOBBIES,2440,10878.12,0,0.46
2013-03-23,HOUSEHOLD,5575,22071.52,0,1.11
2013-03-30,FOODS,20591,48003.31,5,3.59
2013-03-30,HOBBIES,3546,11647.18,5,0.46
2013-03-30,HOUSEHOLD,5590,21094.65,5,1.35
2013-04-06,FOODS,20394,48663.74,5,2.96
2013-04-06,HOBBIES,3419,11635.48,5,0.46
2013-04-06,HOUSEHOLD,6084,22452.16,5,1.71
2013-04-13,FOODS,17546,42990.76,0,3.39
2013-04-13,HOBBIES,3276,10774.05,0,0.22
2013-04-13,HOUSEHOLD,5448,21277.15,0,1.33
2013-04-20,FOODS,17859,44280.72,0,3.27
2013-04-20,HOBBIES,3509,11366.01,0,0.44
2013-04-20,HOUSEHOLD,5358,22800.24,0,1.2
2013-04-27,FOODS,19404,47756.96,3,3.43
2013-04-27,HOBBIES,2544,9495.26,3,0.65
2013-04-27,HOUSEHOLD,5569,22215.19,3,1.2
2013-05-04,FOODS,21406,53073.27,7,3.51
2013-05-04,HOBBIES,2815,10372.18,7,0.21
2013-05-04,HOUSEHOLD,5877,23788.07,7,0.72
2013-05-11,FOODS,20159,49087.53,0,3.59
2013-05-11,HOBBIES,3180,11000.88,0,0.21
2013-05-11,HOUSEHOLD,5862,22650.28,0,0.83
2013-05-18,FOODS,19789,48621.17,0,3.57
2013-05-18,HOBBIES,3622,11838.61,0,0.64
2013-05-18,HOUSEHOLD,5937,23350.47,0,0.95
2013-05-25,FOODS,18969,46318.86,0,3.47
2013-05-25,HOBBIES,3387,11488.88,0,0.85
2013-05-25,HOUSEHOLD,5727,22685.83,0,0.95
2013-06-01,FOODS,21818,53470.39,7,3.29
2013-06-01,HOBBIES,4012,12707.88,7,0.42
2013-06-01,HOUSEHOLD,6275,24458.76,7,0.95
2013-06-08,FOODS,23055,55910.9,3,2.68
2013-06-08,HOBBIES,3647,12079.71,3,0.63
2013-06-08,HOUSEHOLD,6091,23913.94,3,0.94
2013-06-15,FOODS,20584,47800.31,0,3.71
2013-06-15,HOBBIES,3505,10861.78,0,0.63
2013-06-15,HOUSEHOLD,5733,23462.47,0,0.71
2013-06-22,FOODS,21411,50433.74,0,3.27
2013-06-22,HOBBIES,3330,11888.03,0,0.84
2013-06-22,HOUSEHOLD,5852,22894.66,0,0.71
2013-06-29,FOODS,26560,62971.2,5,3.07
2013-06-29,HOBBIES,3352,11875.64,5,0.83
2013-06-29,HOUSEHOLD,6158,24739.22,5,1.29
2013-07-06,FOODS,23505,55615.81,5,3.07
2013-07-06,HOBBIES,3042,11992.3,5,0.83
2013-07-06,HOUSEHOLD,6046,24050.48,5,1.64
2013-07-13,FOODS,22270,52748.22,0,2.98
2013-07-13,HOBBIES,3275,11680.27,0,1.03
2013-07-13,HOUSEHOLD,6064,23729.28,0,1.63
2013-07-20,FOODS,21382,49581.59,0,3.4
2013-07-20,HOBBIES,3381,12405.75,0,0.82
2013-07-20,HOUSEHOLD,6200,23518.74,0,2.55
2013-07-27,FOODS,21836,50568.5,2,2.97
2013-07-27,HOBBIES,3429,12732.72,2,1.02
2013-07-27,HOUSEHOLD,5751,22545.7,2,2.54
2013-08-03,FOODS,24317,56909.19,7,5.07
2013-08-03,HOBBIES,3387,12903.51,7,1.02
2013-08-03,HOUSEHOLD,6002,24471.15,7,2.42
2013-08-10,FOODS,24997,56040.04,1,4.31
2013-08-10,HOBBIES,3129,12841.27,1,1.02
2013-08-10,HOUSEHOLD,5495,23087.93,1,2.54
2013-08-17,FOODS,22654,51095.67,0,3.94
2013-08-17,HOBBIES,3164,12728.03,0,0.82
2013-08-17,HOUSEHOLD,5645,22733.05,0,2.41
2013-08-24,FOODS,22998,51997.26,0,4.52
2013-08-24,HOBBIES,3224,12355.14,0,0.82
2013-08-24,HOUSEHOLD,6023,23371.14,0,1.84
2013-08-31,FOODS,26435,58021.49,6,4.33
2013-08-31,HOBBIES,2339,11351.7,6,1.02
2013-08-31,HOUSEHOLD,6234,24418.64,6,1.49
2013-09-07,FOODS,24633,56536.33,4,4.32
2013-09-07,HOBBIES,3159,12044.4,4,0.4
2013-09-07,HOUSEHOLD,5522,22483.59,4,1.83
2013-09-14,FOODS,22207,50070.84,0,3.78
2013-09-14,HOBBIES,3324,13234.94,0,0.4
2013-09-14,HOUSEHOLD,5736,23358.19,0,1.14
2013-09-21,FOODS,21719,48327.11,0,3.61
2013-09-21,HOBBIES,3409,11586.38,0,0.6
2013-09-21,HOUSEHOLD,5482,22713.28,0,1.6
2013-09-28,FOODS,22848,52848.71,4,1.81
2013-09-28,HOBBIES,3952,12961.33,4,0.2
2013-09-28,HOUSEHOLD,6043,24077.01,4,1.82
2013-10-05,FOODS,23751,58704.14,6,1.64
2013-10-05,HOBBIES,3429,12282.2,6,0.2
2013-10-05,HOUSEHOLD,5658,23910.55,6,1.82
2013-10-12,FOODS,20609,51048.86,0,1.48
2013-10-12,HOBBIES,3489,12176.8,0,0.0
2013-10-12,HOUSEHOLD,5518,22715.09,0,2.39
2013-10-19,FOODS,19897,49553.07,0,0.74
2013-10-19,HOBBIES,3274,11722.04,0,0.0
2013-10-19,HOUSEHOLD,5371,22615.28,0,2.04
2013-10-26,FOODS,20434,49770.37,1,0.82
2013-10-26,HOBBIES,3584,12324.06,1,0.0
2013-10-26,HOUSEHOLD,5362,22380.96,1,1.93
2013-11-02,FOODS,21596,52180.69,7,0.65
2013-11-02,HOBBIES,3510,11817.11,7,0.6
2013-11-02,HOUSEHOLD,5577,23413.94,7,1.81
2013-11-09,FOODS,20097,48811.85,2,1.72
2013-11-09,HOBBIES,3716,11784.05,2,0.8
2013-11-09,HOUSEHOLD,5160,21065.11,2,1.58
2013-11-16,FOODS,19261,46002.72,0,2.13
2013-11-16,HOBBIES,3558,12595.04,0,0.8
2013-11-16,HOUSEHOLD,5280,21816.69,0,1.01
2013-11-23,FOODS,20042,46307.0,0,2.04
2013-11-23,HOBBIES,3216,11430.04,0,1.0
2013-11-23,HOUSEHOLD,4996,21381.12,0,0.9
2013-11-30,FOODS,20051,47663.0,6,1.88
2013-11-30,HOBBIES,4071,12712.25,6,0.8
2013-11-30,HOUSEHOLD,5227,22207.52,6,0.79
2013-12-07,FOODS,21886,51551.64,4,1.88
2013-12-07,HOBBIES,3842,13087.03,4,0.8
2013-12-07,HOUSEHOLD,4800,20660.3,4,0.67
2013-12-14,FOODS,20379,49555.5,0,1.95
2013-12-14,HOBBIES,3851,13598.53,0,0.8
2013-12-14,HOUSEHOLD,4862,21073.26,0,0.56
2013-12-21,FOODS,18853,44396.11,0,1.62
2013-12-21,HOBBIES,3268,11725.41,0,0.8
2013-12-21,HOUSEHOLD,4512,19459.51,0,0.67
2013-12-28,FOODS,21087,49268.67,3,2.35
2013-12-28,HOBBIES,3311,11774.97,3,0.2
2013-12-28,HOUSEHOLD,4953,21166.47,3,0.67
2014-01-04,FOODS,21762,53139.3,7,1.93
2014-01-04,HOBBIES,3590,12817.95,7,0.0
2014-01-04,HOUSEHOLD,4726,19629.06,7,0.67
2014-01-11,FOODS,20333,47112.81,0,1.68
2014-01-11,HOBBIES,3094,12179.8,0,0.2
2014-01-11,HOUSEHOLD,4666,19717.5,0,0.55
2014-01-18,FOODS,19179,45281.98,0,2.08
2014-01-18,HOBBIES,3146,10860.0,0,0.2
2014-01-18,HOUSEHOLD,5017,20929.53,0,0.66
2014-01-25,FOODS,18284,43715.98,0,3.27
2014-01-25,HOBBIES,3219,11984.78,0,0.39
2014-01-25,HOUSEHOLD,4817,19800.7,0,0.66
2014-02-01,FOODS,21615,51759.46,7,3.26
2014-02-01,HOBBIES,3402,12466.08,7,0.39
2014-02-01,HOUSEHOLD,5477,22372.44,7,0.44
2014-02-08,FOODS,21559,52240.5,3,3.56
2014-02-08,HOBBIES,3192,11540.22,3,0.59
2014-02-08,HOUSEHOLD,5589,23005.23,3,0.44
2014-02-15,FOODS,18226,44034.32,0,3.39
2014-02-15,HOBBIES,3243,11290.61,0,0.98
2014-02-15,HOUSEHOLD,5075,21222.39,0,0.44
2014-02-22,FOODS,17766,43973.62,0,2.51
2014-02-22,HOBBIES,3114,10502.16,0,0.78
2014-02-22,HOUSEHOLD,5384,22665.82,0,0.75
2014-03-01,FOODS,19808,49274.86,7,2.03
2014-03-01,HOBBIES,3232,10890.23,7,0.58
2014-03-01,HOUSEHOLD,5660,23748.76,7,0.74
2014-03-08,FOODS,20830,52716.22,3,2.18
2014-03-08,HOBBIES,3246,10853.16,3,0.78
2014-03-08,HOUSEHOLD,5333,22931.11,3,0.63
2014-03-15,FOODS,19815,48970.13,0,1.94
2014-03-15,HOBBIES,3054,10542.95,0,0.38
2014-03-15,HOUSEHOLD,5245,22667.91,0,0.53
2014-03-22,FOODS,19878,47707.6,0,1.08
2014-03-22,HOBBIES,3131,10874.12,0,0.57
2014-03-22,HOUSEHOLD,5386,22246.62,0,0.52
2014-03-29,FOODS,21355,50593.69,4,0.92
2014-03-29,HOBBIES,3278,11491.97,4,1.33
2014-03-29,HOUSEHOLD,5857,25357.12,4,0.52
2014-04-05,FOODS,23635,56834.11,6,1.0
2014-04-05,HOBBIES,3642,11880.82,6,1.7
2014-04-05,HOUSEHOLD,5735,24287.86,6,0.42
2014-04-12,FOODS,22586,56122.08,0,1.3
2014-04-12,HOBBIES,2979,11786.91,0,1.51
2014-04-12,HOUSEHOLD,5910,23868.39,0,0.52
2014-04-19,FOODS,21138,51260.2,0,1.3
2014-04-19,HOBBIES,3156,11218.99,0,1.69
2014-04-19,HOUSEHOLD,5421,21957.11,0,0.31
2014-04-26,FOODS,21402,53066.05,2,1.29
2014-04-26,HOBBIES,3158,10508.83,2,1.87
2014-04-26,HOUSEHOLD,5921,25018.09,2,0.52
2014-05-03,FOODS,22814,58826.1,7,1.37
2014-05-03,HOBBIES,3501,11305.51,7,1.68
2014-05-03,HOUSEHOLD,5963,24822.5,7,0.41
2014-05-10,FOODS,20917,51764.17,1,1.06
2014-05-10,HOBBIES,2957,11304.25,1,1.48
2014-05-10,HOUSEHOLD,5121,22290.19,1,0.41
2014-05-17,FOODS,19776,49296.21,0,1.13
2014-05-17,HOBBIES,3283,11839.7,0,1.46
2014-05-17,HOUSEHOLD,5459,23051.01,0,0.41
2014-05-24,FOODS,18905,47559.55,0,1.58
2014-05-24,HOBBIES,3180,11997.02,0,0.55
2014-05-24,HOUSEHOLD,5636,23820.78,0,0.41
2014-05-31,FOODS,21420,53774.79,6,0.75
2014-05-31,HOBBIES,3703,12867.73,6,0.0
2014-05-31,HOUSEHOLD,6104,25620.05,6,0.92
2014-06-07,FOODS,23111,55905.06,4,1.12
2014-06-07,HOBBIES,2996,11420.67,4,0.0
2014-06-07,HOUSEHOLD,6026,25264.16,4,0.92
2014-06-14,FOODS,21318,51022.51,0,2.16
2014-06-14,HOBBIES,3487,12690.9,0,0.0
2014-06-14,HOUSEHOLD,6026,25429.38,0,1.02
2014-06-21,FOODS,20037,46839.01,0,2.15
2014-06-21,HOBBIES,3405,12385.06,0,0.18
2014-06-21,HOUSEHOLD,6104,24956.26,0,1.02
2014-06-28,FOODS,23320,55901.34,4,1.63
2014-06-28,HOBBIES,3757,13264.8,4,0.36
2014-06-28,HOUSEHOLD,6350,26772.04,4,1.22
2014-07-05,FOODS,23411,56765.88,6,1.7
2014-07-05,HOBBIES,3144,12411.5,6,0.73
2014-07-05,HOUSEHOLD,6398,26890.25,6,1.62
2014-07-12,FOODS,21824,53255.31,0,2.88
2014-07-12,HOBBIES,3443,12636.29,0,1.09
2014-07-12,HOUSEHOLD,6256,25602.73,0,1.83
2014-07-19,FOODS,21468,51050.25,0,2.94
2014-07-19,HOBBIES,3259,11916.77,0,1.45
2014-07-19,HOUSEHOLD,6067,24474.66,0,1.72
2014-07-26,FOODS,21716,51805.8,1,2.94
2014-07-26,HOBBIES,3438,11929.85,1,1.81
2014-07-26,HOUSEHOLD,6349,25632.36,1,1.11
2014-08-02,FOODS,24225,58006.48,7,2.86
2014-08-02,HOBBIES,3742,12801.15,7,1.81
2014-08-02,HOUSEHOLD,6491,26204.02,7,1.1
2014-08-09,FOODS,22692,54369.1,2,2.34
2014-08-09,HOBBIES,3324,12039.38,2,2.71
2014-08-09,HOUSEHOLD,6430,25577.92,2,1.2
2014-08-16,FOODS,22188,54540.85,0,3.07
2014-08-16,HOBBIES,3291,12218.37,0,3.07
2014-08-16,HOUSEHOLD,6491,26514.3,0,1.3
2014-08-23,FOODS,21489,52013.4,0,3.58
2014-08-23,HOBBIES,3154,12372.62,0,2.89
2014-08-23,HOUSEHOLD,6347,25969.91,0,0.8
2014-08-30,FOODS,22272,54971.86,5,3.57
2014-08-30,HOBBIES,3573,13488.27,5,2.71
2014-08-30,HOUSEHOLD,6693,27930.02,5,0.6
2014-09-06,FOODS,22877,57838.49,5,2.18
2014-09-06,HOBBIES,3166,11990.77,5,2.53
2014-09-06,HOUSEHOLD,5941,25281.59,5,0.9
2014-09-13,FOODS,20309,51595.73,0,2.32
2014-09-13,HOBBIES,3291,12696.97,0,2.16
2014-09-13,HOUSEHOLD,5988,24997.22,0,0.9
2014-09-20,FOODS,20649,51646.08,0,2.03
2014-09-20,HOBBIES,2905,11566.46,0,1.8
2014-09-20,HOUSEHOLD,6076,25887.66,0,1.2
2014-09-27,FOODS,22155,56080.59,3,2.53
2014-09-27,HOBBIES,3357,12212.19,3,1.8
2014-09-27,HOUSEHOLD,6469,26852.82,3,1.2
2014-10-04,FOODS,24234,63856.55,7,2.68
2014-10-04,HOBBIES,3424,12764.03,7,1.26
2014-10-04,HOUSEHOLD,6449,27038.94,7,0.99
2014-10-11,FOODS,20956,56317.9,0,2.09
2014-10-11,HOBBIES,3312,11708.52,0,1.44
2014-10-11,HOUSEHOLD,6005,25351.74,0,1.18
2014-10-18,FOODS,21124,56094.56,0,2.09
2014-10-18,HOBBIES,3628,12839.06,0,1.62
2014-10-18,HOUSEHOLD,6157,25448.1,0,1.58
2014-10-25,FOODS,20266,53668.67,0,2.01
2014-10-25,HOBBIES,3641,12687.65,0,2.16
2014-10-25,HOUSEHOLD,5588,23990.64,0,1.68
2014-11-01,FOODS,23170,61718.6,7,2.16
2014-11-01,HOBBIES,3971,13827.18,7,2.16
2014-11-01,HOUSEHOLD,6569,27580.24,7,1.47
2014-11-08,FOODS,21706,58494.96,3,2.16
2014-11-08,HOBBIES,3397,12016.33,3,2.16
2014-11-08,HOUSEHOLD,5665,22671.34,3,1.38
2014-11-15,FOODS,19955,52932.4,0,2.23
2014-11-15,HOBBIES,3552,13051.14,0,1.97
2014-11-15,HOUSEHOLD,5574,24024.23,0,1.57
2014-11-22,FOODS,21095,53812.69,0,1.22
2014-11-22,HOBBIES,3087,12101.96,0,2.15
2014-11-22,HOUSEHOLD,5773,25188.47,0,1.38
2014-11-29,FOODS,19231,51714.6,5,1.22
2014-11-29,HOBBIES,3676,13066.84,5,1.43
2014-11-29,HOUSEHOLD,5851,26041.7,5,1.38
2014-12-06,FOODS,20640,56024.56,5,1.36
2014-12-06,HOBBIES,3585,13061.69,5,0.9
2014-12-06,HOUSEHOLD,5467,23599.87,5,1.28
2014-12-13,FOODS,20194,55145.66,0,1.57
2014-12-13,HOBBIES,3674,13947.22,0,0.9
2014-12-13,HOUSEHOLD,5612,24336.73,0,1.18
2014-12-20,FOODS,19032,50191.21,0,1.64
2014-12-20,HOBBIES,3120,12421.59,0,0.18
2014-12-20,HOUSEHOLD,5030,21277.83,0,0.88
2014-12-27,FOODS,18935,52423.15,2,1.71
2014-12-27,HOBBIES,3284,13588.7,2,0.36
2014-12-27,HOUSEHOLD,5789,24497.05,2,0.87
2015-01-03,FOODS,21468,58615.57,7,1.78
2015-01-03,HOBBIES,3254,13576.56,7,0.36
2015-01-03,HOUSEHOLD,5343,22982.1,7,1.65
2015-01-10,FOODS,20464,54844.74,1,1.77
2015-01-10,HOBBIES,3526,14127.09,1,0.36
2015-01-10,HOUSEHOLD,5593,22519.36,1,1.45
2015-01-17,FOODS,19337,50771.18,0,1.98
2015-01-17,HOBBIES,3196,12870.85,0,1.6
2015-01-17,HOUSEHOLD,5808,24012.5,0,1.36
2015-01-24,FOODS,18697,47955.07,0,2.18
2015-01-24,HOBBIES,3478,13277.14,0,1.95
2015-01-24,HOUSEHOLD,5767,22180.17,0,1.26
2015-01-31,FOODS,21226,55427.45,6,1.9
2015-01-31,HOBBIES,3456,14163.56,6,2.66
2015-01-31,HOUSEHOLD,6368,24784.86,6,1.36
2015-02-07,FOODS,22842,60411.0,4,1.9
2015-02-07,HOBBIES,3797,15202.34,4,2.31
2015-02-07,HOUSEHOLD,6697,26211.24,4,2.03
2015-02-14,FOODS,18231,49808.05,0,1.48
2015-02-14,HOBBIES,3427,14789.19,0,2.66
2015-02-14,HOUSEHOLD,6004,24484.08,0,2.42
2015-02-21,FOODS,17254,46874.48,0,1.4
2015-02-21,HOBBIES,3620,14921.87,0,2.49
2015-02-21,HOUSEHOLD,6071,25633.27,0,2.52
2015-02-28,FOODS,20058,55270.82,6,1.05
2015-02-28,HOBBIES,4101,17218.38,6,2.84
2015-02-28,HOUSEHOLD,6633,28158.61,6,2.23
2015-03-07,FOODS,20179,55309.36,4,1.19
2015-03-07,HOBBIES,3470,15044.5,4,3.37
2015-03-07,HOUSEHOLD,6489,26156.35,4,2.42
2015-03-14,FOODS,18909,49725.59,0,0.84
2015-03-14,HOBBIES,3713,15196.14,0,1.95
2015-03-14,HOUSEHOLD,6449,25991.56,0,2.23
2015-03-21,FOODS,18895,49703.52,0,0.91
2015-03-21,HOBBIES,3506,15183.98,0,1.42
2015-03-21,HOUSEHOLD,6537,27505.61,0,2.32
2015-03-28,FOODS,22546,57495.74,3,2.17
2015-03-28,HOBBIES,3672,16083.26,3,0.71
2015-03-28,HOUSEHOLD,6708,27637.77,3,2.22
2015-04-04,FOODS,21503,57616.68,7,2.59
2015-04-04,HOBBIES,3644,15075.57,7,0.71
2015-04-04,HOUSEHOLD,6393,27090.75,7,1.25
2015-04-11,FOODS,20720,55353.49,0,2.03
2015-04-11,HOBBIES,3746,15412.96,0,0.71
2015-04-11,HOUSEHOLD,6631,26810.14,0,0.86
2015-04-18,FOODS,19900,53819.8,0,1.89
2015-04-18,HOBBIES,3924,16494.08,0,0.71
2015-04-18,HOUSEHOLD,6903,27851.86,0,0.67
2015-04-25,FOODS,21312,56061.15,1,2.03
2015-04-25,HOBBIES,3503,15016.64,1,0.53
2015-04-25,HOUSEHOLD,6687,27254.51,1,0.38
2015-05-02,FOODS,23272,62076.76,7,2.1
2015-05-02,HOBBIES,3923,15251.6,7,0.71
2015-05-02,HOUSEHOLD,6996,29173.63,7,0.38
2015-05-09,FOODS,21049,55648.5,2,2.38
2015-05-09,HOBBIES,3808,14687.59,2,1.06
2015-05-09,HOUSEHOLD,6229,26401.08,2,0.38
2015-05-16,FOODS,20178,53925.08,0,2.45
2015-05-16,HOBBIES,3851,16052.8,0,1.24
2015-05-16,HOUSEHOLD,6682,27469.64,0,0.48
2015-05-23,FOODS,19707,51795.35,0,2.17
2015-05-23,HOBBIES,3766,16034.14,0,1.24
2015-05-23,HOUSEHOLD,6728,27271.6,0,0.57
2015-05-30,FOODS,21742,55276.79,5,1.54
2015-05-30,HOBBIES,3787,16006.87,5,1.42
2015-05-30,HOUSEHOLD,7248,28940.0,5,0.57
2015-06-06,FOODS,22403,57159.41,5,1.47
2015-06-06,HOBBIES,3454,14553.54,5,1.95
2015-06-06,HOUSEHOLD,6958,27827.73,5,0.67
2015-06-13,FOODS,21543,55227.67,0,1.47
2015-06-13,HOBBIES,3526,15158.32,0,2.13
2015-06-13,HOUSEHOLD,7216,29401.92,0,0.86
2015-06-20,FOODS,20635,51690.24,0,1.33
2015-06-20,HOBBIES,3616,14937.24,0,2.48
2015-06-20,HOUSEHOLD,6724,26713.55,0,1.15
2015-06-27,FOODS,22598,56989.89,3,1.61
2015-06-27,HOBBIES,4432,17319.82,3,2.48
2015-06-27,HOUSEHOLD,7819,31137.71,3,1.15
2015-07-04,FOODS,21594,56105.23,7,1.12
2015-07-04,HOBBIES,3789,15513.69,7,2.13
2015-07-04,HOUSEHOLD,6900,28035.6,7,1.15
2015-07-11,FOODS,21052,54840.36,0,0.84
2015-07-11,HOBBIES,3909,16374.86,0,1.95
2015-07-11,HOUSEHOLD,7484,29634.01,0,1.34
2015-07-18,FOODS,19857,50372.38,0,1.4
2015-07-18,HOBBIES,4049,16008.69,0,1.77
2015-07-18,HOUSEHOLD,7407,29388.01,0,1.34
2015-07-25,FOODS,20248,50588.51,0,3.01
2015-07-25,HOBBIES,3638,15196.63,0,1.95
2015-07-25,HOUSEHOLD,7238,28547.0,0,1.24
2015-08-01,FOODS,23434,60217.27,7,3.22
2015-08-01,HOBBIES,4300,17867.28,7,2.12
2015-08-01,HOUSEHOLD,7971,32228.7,7,1.24
2015-08-08,FOODS,21741,56491.52,3,3.22
2015-08-08,HOBBIES,4005,16359.02,3,1.77
2015-08-08,HOUSEHOLD,7557,30581.6,3,1.53
2015-08-15,FOODS,20430,53423.33,0,3.08
2015-08-15,HOBBIES,4124,17104.0,0,1.95
2015-08-15,HOUSEHOLD,7506,30864.69,0,1.15
2015-08-22,FOODS,18891,48757.43,0,3.15
2015-08-22,HOBBIES,3777,15046.39,0,2.12
2015-08-22,HOUSEHOLD,7031,28174.54,0,1.24
2015-08-29,FOODS,20749,53992.82,4,3.08
2015-08-29,HOBBIES,3786,16746.41,4,2.12
2015-08-29,HOUSEHOLD,7689,31057.94,4,1.24
2015-09-05,FOODS,21872,57183.05,6,3.14
2015-09-05,HOBBIES,3947,16896.56,6,2.12
2015-09-05,HOUSEHOLD,7194,28409.8,6,0.96
2015-09-12,FOODS,20388,53408.14,0,2.73
2015-09-12,HOBBIES,3904,16419.9,0,2.12
2015-09-12,HOUSEHOLD,7141,28676.29,0,0.86
2015-09-19,FOODS,20654,54277.7,0,1.33
2015-09-19,HOBBIES,3649,15068.8,0,1.77
2015-09-19,HOUSEHOLD,7385,30045.89,0,0.96
2015-09-26,FOODS,20262,53015.83,2,1.47
2015-09-26,HOBBIES,3750,16121.96,2,1.06
2015-09-26,HOUSEHOLD,7056,28639.93,2,0.86
2015-10-03,FOODS,23426,60692.04,7,1.33
2015-10-03,HOBBIES,3922,16256.16,7,1.06
2015-10-03,HOUSEHOLD,7434,29743.38,7,0.76
2015-10-10,FOODS,21244,55231.12,1,1.33
2015-10-10,HOBBIES,3607,15301.7,1,0.35
2015-10-10,HOUSEHOLD,7352,29094.73,1,0.76
2015-10-17,FOODS,19548,52059.21,0,0.7
2015-10-17,HOBBIES,3986,16047.93,0,0.35
2015-10-17,HOUSEHOLD,7077,28657.82,0,0.57
2015-10-24,FOODS,19240,50524.01,0,1.19
2015-10-24,HOBBIES,3863,16396.57,0,0.71
2015-10-24,HOUSEHOLD,6988,27882.32,0,0.57
2015-10-31,FOODS,18816,51762.51,6,1.54
2015-10-31,HOBBIES,4206,18098.24,6,0.71
2015-10-31,HOUSEHOLD,7175,28468.82,6,0.48
2015-11-07,FOODS,18711,51598.7,4,1.54
2015-11-07,HOBBIES,3756,17207.68,4,0.71
2015-11-07,HOUSEHOLD,6640,27130.86,4,0.48
2015-11-14,FOODS,17833,48182.88,0,1.61
2015-11-14,HOBBIES,4106,17341.75,0,0.53
2015-11-14,HOUSEHOLD,6786,28330.02,0,0.29
2015-11-21,FOODS,18568,48956.99,0,1.47
2015-11-21,HOBBIES,3485,16403.91,0,0.53
2015-11-21,HOUSEHOLD,6519,26695.35,0,0.48
2015-11-28,FOODS,16591,46139.33,4,1.4
2015-11-28,HOBBIES,4209,18962.2,4,0.71
2015-11-28,HOUSEHOLD,6730,27931.24,4,0.38
2015-12-05,FOODS,18012,51389.42,6,1.4
2015-12-05,HOBBIES,4228,17317.86,6,0.71
2015-12-05,HOUSEHOLD,6475,27388.13,6,0.57
2015-12-12,FOODS,18191,51324.79,0,1.33
2015-12-12,HOBBIES,4039,18401.99,0,0.88
2015-12-12,HOUSEHOLD,6715,27884.1,0,0.38
2015-12-19,FOODS,17588,47156.66,0,0.84
2015-12-19,HOBBIES,3809,17873.87,0,0.53
2015-12-19,HOUSEHOLD,5767,23902.68,0,0.38
2015-12-26,FOODS,16635,47001.05,1,0.77
2015-12-26,HOBBIES,3651,17559.71,1,0.53
2015-12-26,HOUSEHOLD,6637,28271.65,1,0.38
2016-01-02,FOODS,18807,53389.81,7,1.18
2016-01-02,HOBBIES,3766,16676.92,7,0.53
2016-01-02,HOUSEHOLD,6712,26756.22,7,0.48
2016-01-09,FOODS,19655,53270.74,2,1.25
2016-01-09,HOBBIES,3572,15625.01,2,0.88
2016-01-09,HOUSEHOLD,6571,25990.98,2,0.57
2016-01-16,FOODS,18923,50344.67,0,1.11
2016-01-16,HOBBIES,3765,16741.18,0,0.71
2016-01-16,HOUSEHOLD,6647,26064.44,0,0.29
2016-01-23,FOODS,18030,49197.91,0,1.32
2016-01-23,HOBBIES,3474,15463.94,0,0.71
2016-01-23,HOUSEHOLD,6728,26552.27,0,0.19
2016-01-30,FOODS,20494,55861.69,5,1.46
2016-01-30,HOBBIES,3907,16874.49,5,1.42
2016-01-30,HOUSEHOLD,7207,28469.64,5,0.57
2016-02-06,FOODS,21184,58687.73,5,2.51
2016-02-06,HOBBIES,3527,16237.9,5,1.06
2016-02-06,HOUSEHOLD,6669,27182.89,5,0.96
2016-02-13,FOODS,19798,51969.17,0,2.51
2016-02-13,HOBBIES,3763,16549.34,0,1.59
2016-02-13,HOUSEHOLD,7052,27663.4,0,1.91
2016-02-20,FOODS,18904,50627.39,0,2.51
2016-02-20,HOBBIES,3645,16301.04,0,1.24
2016-02-20,HOUSEHOLD,6711,27262.8,0,2.01
2016-02-27,FOODS,20042,52126.35,4,2.57
2016-02-27,HOBBIES,3688,16839.81,4,1.77
2016-02-27,HOUSEHOLD,7110,28807.97,4,2.1
2016-03-05,FOODS,21600,58197.59,6,3.06
2016-03-05,HOBBIES,3740,16795.63,6,1.77
2016-03-05,HOUSEHOLD,7040,28403.09,6,2.67
2016-03-12,FOODS,19669,53549.74,0,3.55
2016-03-12,HOBBIES,3624,15785.3,0,1.77
2016-03-12,HOUSEHOLD,6934,27701.39,0,2.87
2016-03-19,FOODS,21985,58584.08,0,3.48
2016-03-19,HOBBIES,3451,16539.37,0,1.59
2016-03-19,HOUSEHOLD,7082,28779.4,0,2.87
2016-03-26,FOODS,20496,54589.36,1,4.11
2016-03-26,HOBBIES,3756,17198.8,1,0.88
2016-03-26,HOUSEHOLD,6647,26916.41,1,2.58
2016-04-02,FOODS,22389,61441.55,7,2.99
2016-04-02,HOBBIES,3804,17094.82,7,1.06
2016-04-02,HOUSEHOLD,7393,30515.78,7,2.2
2016-04-09,FOODS,20850,57693.48,2,2.99
2016-04-09,HOBBIES,3374,15800.87,2,0.88
2016-04-09,HOUSEHOLD,7017,28489.62,2,1.24
2016-04-16,FOODS,20842,57240.39,0,2.71
2016-04-16,HOBBIES,3714,16150.25,0,0.88
2016-04-16,HOUSEHOLD,6791,28612.22,0,1.15
2016-04-23,FOODS,21064,57845.3,0,2.02
2016-04-23,HOBBIES,3866,16610.89,0,0.35
2016-04-23,HOUSEHOLD,6841,29186.27,0,1.15
2016-04-30,FOODS,23357,64105.56,6,1.81
2016-04-30,HOBBIES,4051,16786.88,6,0.35
2016-04-30,HOUSEHOLD,7231,30581.04,6,0.67
2016-05-07,FOODS,22592,61717.94,4,1.6
2016-05-07,HOBBIES,3878,16919.08,4,0.53
2016-05-07,HOUSEHOLD,6756,28969.37,4,0.86
2016-05-14,FOODS,23418,62973.05,0,1.6
2016-05-14,HOBBIES,3629,16544.38,0,1.42
2016-05-14,HOUSEHOLD,6986,30391.14,0,1.15
